SK,Name,Company_Sk
1,NV ocavaS,3177
2,NHC /  MUIGLEB DNALLOH WEN ESAC,475
3,NV SPORC,42
4,COEMAV,105
5,ECTNER,283
6,NV EKEBELUEM EWT,360
7,BAVB SMETSYS GNIROTINOM NAIGLEB,644
8,ELBOCEM-CADES,710
9,VRA,747
10,LELAH - VN GNIREENIGNE SSECORP AEG,789
11,NV SEIRTSUDNI OLATIV,900
12,ANMED NEGGURBLOR,946
13,NV XETEV,1039
14,RSETLIFORUE,1051
15,TSRAP-U,1098
16,BAVB CNC MROFACEM,1281
17,NV PUORG CIVELET,1294
18,NV DNIV,1381
19,NV EHGOONYURB EITCURTSNOC,1498
20,NV TEILE,1728
21,NV ESSYLAM,1911
22,ALNOITANRETNI GNIGAKCAP AMRAHP RELYWTAD,2163
23,NV NOINU,2210
24,EKINILKSKLOV & SACUL-TNIS ZA,2349
25,NV STCUDORP ENEOC ED,2468
26,KIELOH,2560
27,K)TI( VN METHCAK GNIREVELEOT EL?IRTSUDNI,2865
28,NV GNILDNAH SUTOM,2968
29,NV XONOKNI,2972
30,NV LANOITANRETNI RCT,3019
31,NV ATRA'D,3020
32,NV MEARB,3111
33,OXFATEM,3122
34,NV OCAVRES,3224
35,NV NOTEBOHTIL,3238
36,U'SEJ DIEHGITREHMREB' GROZSDIEHDNOZEG,3528
37,NV NOBRAC DETAVITCA CETOSED,3592
38,NV YEAS,3656
39,NV ZETLA,3750
40,NV SARC,3820
41,NV TREEBIL,3938
42,ESIROTAROBAL MRAHPYEK,4142
43,NV EIREHCUOB BG,4146
44,BV MOORZZUM,4410
45,BV QETOICS,4471
46,NV STRAPLEB,4524
47,V..N SUNIXARF,4619
48,AI2B,4784
49,NV ELEIWEDNAV,4881
50,BAVB KJIRTROK CSIFOCCA,4962
51,ZWV EZNIED SIUHNEKEIZSUITNECNIV-TNIS,5140
52,ENLAIRETAMWUOB TSLEHREV,5159
53,CSITSALP LNA,5194
54,NV PUORG STRAPLEB,5414
55,REALESEOR FJIRDEBGROZ - ANETOM,5429
56,NV EPORUE OIBERIJUF,5443
57,NV TCURTSNOC EHCROFED,5554
58,LIOJ,5709
59,ENREDNAALV ODUJ,5717
60,BAVB STCEJORP4B,5815
61,NV AMUJ EGARAG,5834
62,BAVB NILOCCA,5841
63,BAVB TDREEPSYRG-ENYURBED KEEHTOPA,5848
64,LCM - YEVLA,5854
65,NV XULENEB KAMEB,5876
66,BAVC ECE,5957
67,BV SEGIFNI,6034
68,NV THCIZEIEL,6042
69,"U..L.S ,NIAPS AKBAC",6056
70,VBB NETNELUSNOCGNITSALEB-STNATNUOCCA FCR,6087
71,NV SSERPXE DOOF SNEPPIL,6100
72,NV TNEMEGANAM TESSA NEDNILREDNAV REICREM,6169
73,BAVB GNILOOP YGRENE NAEPORUE,6441
74,KEEBSLEIW GNILEDFA -VN OTSIRGA,6520
75,NV NORTINU,6553
76,ZWV ORGANI,6601
77,BAVB MAARF,6693
78,ERPEI DATS,6695
79,RLPS NOSRES STROPSNART SELBITSUBMOC,6734
80,BAVB TPECNOCLLA,6768
81,BV SRETEEP TROPSNARTKNAT,6797
82,BV TEMSED TSNEIDLEKAT,6819
83,BV SRENTRAP & .W RETAUQSIUQ,6874
84,NV OBIGER,6951
85,ERKCEDED DNALOR,6955
86,NV REPYUCED,6985
87,NV LAPRAC,7000
88,BAVB RAAVEIOO ETTIW ED,7148
89,SA SLIF TE SEHGREBED,7152
90,NV .I.D.G,7384
91,NV SKROW TNEGNAT,7433
92,BAVB EPORUE YSSAD,7483
93,NGIDIELEGEBSNIZEG NE -NEREGNOJ MURTNEC,7571
94,MSETSYS RETTUHS GNIDLIUB,7658
95,#NAME?,7724
96,NV SREKORB ECNARUSNI AILLA,7843
97,ASALKIN-TNIS DATS,7844
98,NV SDOOF ODRA,7892
99,BAVB GNIREENIGNE-BD,9507
100,NV EPORUE LATNER OCPOC SALTA,10025
101,BV ITKELE,12244
102,BV UAEL ED DUAHC,12405
103,BAVB LX-DNALOR,12935
104,COGNEMAB,12938
105,BAVB SNOITCUA HV,13252
106,ZWV REKNAK NEGET PO MOK,13569
107,TYREBLA SALOCIN,13572
108,BV EPORUE WOWOW,13651
109,BV PAS LUAP,13652
110,BV MOT ETSIKNEETS NAV,13801
111,ZWV SDOOL ED,13810
112,IKR TEOVELLOH NOTEBTROTS,13910
113,ENTSNEID ERABNEPO ELARTNEC ENEMEGLA,14066
114,BAVB TNEG AFLA,14208
115,NV RETNUH,14324
116,MSETSYS NOITOM BAL,419
117,NV NOITALITNEV NOSNER,659
118,JKIRTROK DATS,769
119,ZWV WB KAAW,903
120,W..Z.V EGNINEORG ZA,1221
121,BAVB EDNAZEDNAV,1564
122,DEIUMSKID OKCAP,1919
123,NGIROOLF NOISIVID - VB NILINU,2074
124,COEMOF,2278
125,NV GNINELREVTEIDERK ELARTNEC,2422
126,ESCIVRES DNA STCUDORP WEN TREAHREV,2947
127,ACBITSALP,3103
128,BAVB CVI,3115
129,TV DJITNIUT,3373
130,BAVB SCITSALP LTB,3491
131,PEORUE ATAGAMAY,3503
132,NV SULP OTLOM,3508
133,MSETSYS NOITATROPSNART TNEGILLETNI RILF,3640
134,NV TREAYEAM,3658
135,NV EPORUE LARTNEC DNALOR,3906
136,NV REWOPRIA OCPOC SALTA,3965
137,THERAZAN OTSIRGA,4224
138,NV YAPYSAE,4390
139,REALESEOR DATS,4406
140,COIGNE,4408
141,CTURTSNOC UEIHAM,4534
142,PEORUE WA,4600
143,MLI ETEARTSREV,4666
144,BV TCURTSNOC TREASWUEEB,4710
145,RCAB,4742
146,REOCIMU,4785
147,BV SECIVRES TROPPUS,4993
148,ESOTATOP TUOBERALC,5068
149,MIRAMEB,5160
150,ELBARFNI,5186
151,ENNEOS TMA,5292
152,BAVB TYEHEB,5355
153,NERUUK ETNEEMEG,5618
154,ENOTSOB,5619
155,AKDREDNO SNO,5711
156,NV REOVREV TEMSNART,5743
157,BV MUIGLEB OVORA,5809
158,BAVB NEGNORD EHCSSOD,5844
159,RSEVAG ENOZEITILOP,5845
160,BAVB .B.C SNESSOB,5948
161,KAOV,6089
162,BAVB 2EESI,6136
163,ENKREWWUOB ESPREWTNA,6231
164,ALVIMED,6240
165,NV SECIVRES LENS .G,6242
166,V..B RIAMETSYS,6477
167,BAVB CINOINIC,6494
168,NV OTLEXE GFI,6523
169,CTEFFE WZV,6721
170,BV PUORG-SOIS,6738
171,NV AMIR LEDNAHTOORGSEELV,6777
172,ENLAIRETAMWUOB-EDLIW ED NAAITSIRHC,6781
173,RLPS TUOZAM DRARIP,6801
174,ZWV NEREDNAALV ONIFNI,6849
175,TELUZ RUUTSEBETNEEMEG,6852
176,RTOPSNART .TANRETNI MEHGRETNER NAV,6888
177,NV UAETTALP,6921
178,INTSALEB & STNATNUOCCA NAMOOC & ESUER ED,7083
179,BAVB NOIHSAF ABD,7116
180,NV STPECNOC LACITIRC AIPORTNE,7141
181,BAVB KCRUT ED,7144
182,RLPS .STE ENSERFED,7158
183,RLS .A.B.E,7290
184,BV CNE,7291
185,SA GNIDLOH FH,7337
186,RLPS SNOITCURTSNOC ZEMODOL YDDERF,7380
187,ITPPIRTS-DVL,7437
188,NV SECIVRES & TPECNOC NEERG,7461
189,EMR DA,7481
190,ZWV EDELESIUR N?EEW 7 NAV VLO ODNARUC,7505
191,BAVB NOKEH,7523
192,SUNOCGNITSALEB NE YCNATNUOCCA NAMERREH.N,7525
193,SA OMINAM,7680
194,KEEBELLOH NAV TNIRPILBUP,11431
195,BV POR ED KCIRTAP ROOTNAKDUOHKEOB,11521
196,BAVB SEVIRHT,11841
197,PEMIK ED,14763
198,NV EAMREHT,12933
199,BAVB EYEVACEDNAV-ETTIW ED,13185
200,NV SMETSYS ITAMOS,13203
201,BHMG ETKUDORPRUTAN ANOM,14790
202,NV OTK,13339
203,NV ECIVRESORUB .S.C.I,13503
204,SA.MORTEP ED.VID STE TNOMIROM,13562
205,BV .G & .A MEHGETEPNAV,13803
206,NV OOLLAG EITKURTSNOK,242
207,NV SRETSAMOSI,303
208,NV NEZIUHKREW WUAPAL,359
209,RTEETSGEOLP NEJIREKKABNEETS,428
210,OTMELLIW,802
211,CSILUARDYH OPAV,1050
212,ONMUD REILETA,1104
213,ERSYEK ED NERAWSEELV,1389
214,NV SEDIM,1470
215,EPTSTOOF,1941
216,UMIGLEB TAMOSIRF,2121
217,NV KIRE MEHGEITNAV,2225
218,ALNOITANRETNI GNIGDERD,2238
219,NV XENI,2699
220,NV NEDRAGORUE,2754
221,NV MUIGLEB IWOM,2802
222,EFZOJ-TS KEINILK,2805
223,NV SETERC,2951
224,CTURTSNOC ZERPED,2959
225,BAVB PUORG-KGC,3085
226,NV LANOITANRETNI ECAPSOREA TMB,3282
227,UXRTSNOC,3624
228,ESIVDA NE DEOGTSAV ELEAWED,3696
229,NV STCEJORP GRP,3716
230,ERGOR & REGOR,3725
231,NV LANOITANRETNI SEIPPOP,3785
232,AEGAL-OCEBIL,3890
233,NV GNIRUTCAFUNAM NOKIEX,3919
234,NV SMELLIW,4037
235,ESBUN OCAVAS,4111
236,BV KSED,4124
237,NV ESUOHOEDIV,4151
238,IELIMAF .H GROZ PEORG WZV,4248
239,V..N OCOL OCOP,4308
240,NV MEHCATLA,4553
241,NV CIVAS,4603
242,QAB,4607
243,ICTAMORIPS,4652
244,NV EDLEV ED NAV,4698
245,ISKADYL EPPILIHP,4807
246,NV PUORG INNI,4896
247,NV SMETSYS GNIGAKCAP AVONNI,4946
248,LLEXOR,5056
249,NV TNEHG SOVE,5097
250,V.N OCAMYS,5398
251,NV PUORG XIFA,5544
252,ENSLEH CEMOK,5555
253,IMTLENAP,5610
254,UWOBENIHCAM TREAKCUOB,5663
255,GAEPLA,5703
256,BAVB REILESSUD SIRATON,5714
257,BAVB MUIGLEB KAPITSALP,5738
258,BV UELED SNART,5742
259,NV .GNE OCAMUTS,5764
260,NV MUIGLEB SSP,5781
261,RLPS STE SLIF TE YAVAB,5871
262,NV SNART XULENEB,5877
263,BAVB SCITSIGOL OGRAC,5996
264,GENIREPOP DATS,6013
265,BV CETOMIL,6090
266,BV AMREPUCER,6109
267,BAVC SECIVRES DERAHS AKOV,6186
268,NV EB EROHSFFO EMED,6213
269,BAVB MUSORP,6268
270,NV DRACENNAH,6381
271,BAVC EFILSDIK,6592
272,NV DRG ELEADNEPEID,6775
273,A..S LEDAPS,6796
274,NV TNAURT,6825
275,NV NORIP NOITATS,6936
276,ONLLIUOB ED ELLIV,7013
277,BV STIVERC,7070
278,ZWV MUIGLEB TENALPDOOG,7091
279,ESNISSEL ED SAPC,7114
280,A..S NESMOHT,7123
281,ISTE,7305
282,BAVB SNARTODERF,7381
283,SA CIRTCELE,7422
284,RLS TUOZAM YLLIAG,7446
285,NV GIWRAG,7448
286,SA GRUOBMEXUL GNITLUSNOC ZSUAR,7563
287,NV AVORDEV TROPSNART,7633
288,UTOHROT RUUTSEBSDATS,7664
289,NV SCITSIGOL SBOCAJ,7699
290,EPORGATLED LEKNIWPOOLGNIRK ED WZV,7839
291,IASEGA,8433
292,NV EIRTSUDNI SREEG,12001
293,UMIGLEB NNAMREKCEN,14794
294,NV EDLEIVREM TROPSNART,12923
295,NV REALEMEH,14776
296,BV EB.EIZOC,13458
297,MEMAD RUUTSEBSDATS,13471
298,BAVB TROPSNART LYUB,13487
299,NV SVL,13576
300,ZWV YMEDACA NIFLEBEF,13927
301,BAVB EREDNABARB ED PUORG,14055
302,NV OCUD-OREV,276
303,NV NAKRIA,819
304,BAVB ERETIAMED,1295
305,NV DCA,1459
306,LIIPILIP,1636
307,DENETSOO DATS,1826
308,NV LOSNIW,1856
309,OFV GNITLUSNOC MPJ,1874
310,NV SNIVTOBAR,1888
311,BV SNOITULOS OPG,1993
312,BAVB GNIWARD.P,2388
313,NV SWODNIW GNIDLIUB,3138
314,EKTRESAL,3305
315,NV YVON,3369
316,SA TSORFEYABSEH,3557
317,CONAREV,3729
318,NV NAROLF,3779
319,NV LOSINEG,3887
320,NV NOCIGNE,3918
321,JKIRTROK - .V.N OCRAB,4262
322,BV ETAGEFAS BDA,4431
323,NV GNIDLOH CARO,4502
324,NV NEVAHEEZ ESGURB ED NAV JIPPAHCSTAAM,4592
325,NV CETAREC,4618
326,NV SRUEINEGNI TREASTURB,4925
327,CSINHCET LV,4980
328,V..N SENIHCAM SREIHT & SNEV,5083
329,A..B.V.B NZ & REEWED .M,5280
330,ELBXETNEC,5282
331,NV PREWTNA NEVAHTLOTS GNIKNATLIO,5365
332,ICTAMIGID,5384
333,BV NOINEGNI,5598
334,ISRRIS,5603
335,ENGNIREKEZREV NEIBMAC,5641
336,GEYUH NETNELUSNOCGNITSALEB + STNATNUOCCA,5837
337,BAVB NOTTOB EVREH STNEMESSILBATE,5949
338,UMIGLEB EROOM,5963
339,NV WUOBNEGEW EREDNABARB ED,5983
340,REEDNAALV-TSEW LEDNAHPOOK NAV REMAK AKOV,6026
341,BAVB SEIRTSUDNI NOCAMLE,6050
342,NV .O.M.P,6106
343,NV LIO-CYCER,6110
344, VNEREDNAALV-TSEW-DIUZ GNILEDDIMEBDLUHCS,6349
345,STEWDIM VVD,6448
346,ONISIV SMB,6496
347,"NGIGAKCAP DNA SLEBAL ,EHGNOJED",6559
348,MARAHP OIB IJA,6683
349,R2OOPS FJIRDEBKREWTAAM,6700
350,NV EBUCG-PITES,6735
351,NV ZERPED,6838
352,NV SDNOFROTACREM,6858
353,BV OCSIBORP,6872
354,BAVB NEYOKREV,6898
355,DEJISKOK ETNEEMEG,6905
356,BAVB ESUOHNEERG,6922
357,NV SNALOMED TROPSNART,6986
358,BV ARFED,6989
359,BV NAMRRAC,7001
360,NV TSEVNI EHCSSOD,7016
361,BAVC TEMS ED REOVREV,7143
362,SA MACRES,7213
363,ESCIVRES IRTA,7251
364,S.TE SLIF & ROTCIV DNOME,7295
365,NV LAGORE,7302
366,BAVB BAL NOITARBILAC,7333
367,NV NAMDLOG,7459
368,NV OORRAB PEORG,7462
369,SA SCIRTUNOIB,7586
370,BAVB SNARTNIK,7603
371,AMET Q - EVOHKCREKEDNAV FJIRDEBNEDNAB,7649
372," BGNIMENREDNOREOVREV ,NENOZ NE ?LTRAM .H",7739
373,A.BVB LAAINEG,7771
374,NGIRETAC SNESSNAH,7801
375,BV HPESOJ NELEIN,7816
376,SA .J RATAP STROPSNART,7828
377,BV EB.EIZOC,8276
378,RLS- VB SCITSIGOL SNALOMED,8451
379,NV IFOCES,9888
380,BV STPECNOC +C,10528
381,BAVB KCNILESYHG EGARAG,14773
382,UMIGLEB NEERCS,14800
383,NV NORTEHTNYS,12929
384,ENC-KCS,13088
385,NGITCARTNOCBUS EREEHKCNOJ,13146
386,OAVC EGGURB CAF-XAM PAHCSTOONNEVNELEDDIM,14787
387,EKINHCETORTCELE ELLUH NAV,14808
388,RLPS YVOB YLLEN ERIAICUDIF,13409
389,ONITAMOTUA DD,13462
390,NV JIPPAHCSTAAMSREEHEB .P.H,13499
391,RLPS SNART PMO,13649
392,NV TDNALEIN NAV,13739
393,NV YHCUAD,13818
394,NTABARB-SMAALV KVK - AKOV,14677
395,NGIREENIGNE HCETYSOL,44
396,NV AMROFAEN,384
397,BAVB MUIGLEB YTIVITCENNOC ET,414
398,RTEAVEG-AFGA,503
399,ESNIHCAM OCREM,711
400,EXREC-CEMOCNI,1054
401,YSHTTAM EITCURTSNOCLAATEM,1177
402,SA ESNEFED LLIREKCOC NHOJ,1352
403,NV WUOBLAATEM ESLEVATS,1419
404,NV LANOITANRETNI ADARG,2073
405,NV SUMIXORP,2340
406,EMGEZI KEINILKSFEZOJ TNIS,2530
407,NTEG TIETISREVINU,2538
408,BAVB NEZIUHKREW SBOCAJ,2639
409,NV SELIFORP ORPED,2766
410,NV EDLEVRETHCIL GNIBUT NOISICERP ORDYH,2866
411,ELBIFEV,2883
412,NV GNIGAKCAP NAMEOC,2948
413,REUTINRUF STNEMOM,3198
414,BAVB SWUAM .E NETNEMESSILBATE,3220
415,NV SEILPPUS YRETTAB,3639
416,RTEG THCERBBUR,3678
417,RAIB,3739
418,BV SGNITAOC DECNAVDA SARELOS,3902
419,EMGERAW SIUHNEKEIZ SEDRUOL NAV .V.L.O,3936
420,V..N TREAKEB,3952
421,ORTSURB,3991
422,NV ROKEDROK,4279
423,NV OLIS-ORUE,4565
424,ISMERTXE,4584
425,NV GEE,4635
426,KEREKLEDDIM ETNEEMEG,4683
427,NV SCITSIGOL REBARF,4732
428,MSD SEVIF,4790
429,NV ECAPS ERIWDER,5044
430,MEED,5096
431,BV SEIRETTAB LLECARUD,5215
432,BAVB UELEH KCIRTAP,5301
433,CV XULENEB KINHCETTFUL RELLEK,5317
434,NV ECNANIF PUORG TEOH S'OBRUT,5455
435,RLPS GREBNENORC UAERUB,5562
436,NV TIBBOD,5766
437,EMGREVE FJIRDEBETNEEMEG MOONOTUA,5814
438,SA STNEMESSILBATE SELBITSUBMOC DNARTREB,5880
439,ERTSNUMLEGNI ETNEEMEG,5891
440,UMGIBRED - AS/VN LEBREPMI,5927
441,BAVB MUIGLEB RAHPAEB,5991
442,ZWV REEV T,6007
443,NV MOCEULG,6011
444,ENGNIMENREDNO NAV KREWTEN SMAALV,6025
445,A..S SIOBOXE,6028
446,NEITRAM ENEOC,6029
447,BHMG XERTNAG,6069
448,RSOTSEVNI D3,6128
449,BV NEGYE NAV NEFFOTSDNARB,6140
450,ZWV MEOLBNEROK ED,6156
451,T.FK DOOF OGUS,6202
452,GEGURBREGNAL OSNE AROTS,6221
453,NV IROJ,6305
454,NV PUORG TEL,6368
455,ENGNIMENREDNO EGNOJ ESMAALV,6457
456,MSETSYS GNILAB NAVLAV,6600
457,NV YNAPMOC LOSOREA EKCLOV,6624
458,LSARENIM H&A,6630
459,BV MUROLEKETS,6748
460,A..S NOYARP,6805
461,RLS STROPSNART SEL  XUOSRAG,6806
462,AUELRETAW,6836
463,NV NEFFOTSDNARB XKIRDNEH,6846
464,NV LEKNIWMAAR,6875
465,MMOC OCSIFNOC,6915
466,SA SNOITACINUMMOC ROPROC NOIXENNOC,6916
467,BAVB REPEI ROOTNAKDUOHKEOB & -SEIVDA,6933
468,BV SENIHCAM REGEOLP,6943
469,NV TREEG EINNAC,6999
470,TSE REILUMED,7216
471,NV CYPE,7294
472,DEAMEB,7306
473,NV DEOGTSAV KCIRELV,7408
474,BAVB NIWARUED,7418
475,NV JIPPAHCSTAAM EGAKCOTS ESLEEG,7450
476,NV YNAPMOC DVL,7514
477,BAVB EDERV ED NI,7518
478,BV NOOZ NE LUONGOH,7529
479,S.TE YUG ASSUOH,7532
480,NV EPORUE SMETSYS RETAWOCE,7537
481,"DAL ,SEDNANREF & ANAIV SETROPSNART",7568
482,NV LOC-NIF,7574
483,BAVB SRENTRAP & NESLEIHCAM,7676
484,NV ORAY,7677
485,NV SDOOF ISREVID,7734
486,OLOHCSSISAB HCSOB NEWUEIN,7818
487,NV YFFIJ-OSIRBA,8173
488,RLPS 063 BAL,8494
489,NV ENO MEG,9781
490,BOIFER,10789
491,BAVB TNELUSNOCGNITSALEB .W HCSIVED,11117
492,BV SRENTRAP & KCNYUM ED,14764
493,ASS LAVINAD,14819
494,DANAGILBUP,12511
495,BV YNAPMOC LACIGRUS EHT,12594
496,NV EREANELLOT ED,14762
497,NGIDNARB ED,13137
498,BV YROSIVDA & GNITLUSNOC ETTIOLED,13149
499,BV EPORUE NIAH,13181
500,NV DNIW,13371
501,BAVB EKENNAMEILO T,13453
502,A..B.V.B .G TNOMREGGE,13494
503,BV AMRAHP CH,13500
504,NV TCO,13647
505,PEPILIHP TPYS RED NAV,13734
506,BV TUOMIRF - YHCUAD,14225
507,NV LONACIP,25
508,UXLENEB SYOT ABMIS,372
509,NV YGRENE TROFMOC,518
510,NV PUORG OKIN,567
511,NV EGNIREPOP IDNOM,812
512,BAVB AMITUE .DFA XETNO,868
513,ELTERC,886
514,ZWV ETTEUORIP,1328
515,NV LUN ED NAJ,1333
516,NV AMITLU DA,1614
517,USTRAUQ,1616
518,SA LEBIDYM,1965
519,NV NOKSAV,2579
520,RSEGALSTRUUB,2767
521,NV SPOCAJ,2872
522,ZWV FROK ED,3022
523,SA ENAIREA,3051
524,HTGIL ATLED,3303
525,NV MUIGLEB R&R ZEUS,3507
526,NV OCEMLA,3665
527,BAVB SEIRTSUDNI OCNEELAS,3740
528,ZWV KJIRTROK NELOHCSSISAB EKEILOHTAK,3770
529,BAVC GREBZTRE - EMGNIRB,3778
530,NV PUORG TNEMNORIVNE EDEEHNAV,3877
531,SA GNIREENIGNE LEBETCART,4008
532,BGD,4074
533,OFV GNITLUSNOC SEOB,4178
534,UMIGLEB FO YROTAVRESBO LAYOR,4332
535,BV GNIREENIGNE EDI,4729
536,NV ORAZAM,4778
537,NV ORFTSEW,4845
538,REETROOPED,4848
539,OLM - VN GEWRETAW ESMAALV ED,4992
540,ZWV SIUHEJNARO,5352
541,BV OKCAP DOOWLLUF,5358
542,GNISED DACRAM,5393
543,IEGRENE S&A,5412
544,BAVB LANOITANRETNI CETTA,5430
545,RSEDNALF TROP AES HTRON,5442
546,V..B HCET-C,5560
547,V..B STRAP LDV,5606
548,ZWV OPEWOS,5620
549,NV XULYKS,5621
550,NV ERAC TI,5706
551,BAVB SECIVRES LANOITANRETNI KWAHOM,5722
552,ELEB AMRIF,5729
553,NV OSU-ONOM,5908
554,BV KCUORBYER NAV,5976
555,NV URBAMREB,5992
556,SA NORIP,6107
557,BV MUIGLEB - MIXET,6183
558,BAVB STELLAP BDR SGP,6208
559,ONITAMOTUA,6338
560,TEAERC JB,6344
561,CEIDO,6389
562,ESIRTSUDNI NALPOB,6449
563,BV P ENNEDRAH,6646
564,ZWV DNALWUEIN,6673
565,USBMIN OCAVAS,6772
566,BAVB TROPSNART KNODNERA,6774
567,BAVC TNUOCCAMAET,6780
568,BV SNESSEIP TROPSNART,6799
569,BAVB SYUMED,6848
570,MOMITRAMS EBTRAMS,6856
571,RLS STE FLON DNOMYAR,6879
572,BV TROOPREV,6899
573,BV SLOOC SIRK NEKREWREMMIT,6924
574,DEDA WZVI,6981
575,BV NEFFOTSDNARB KCNINOCED,6992
576,BAVB EITCURTSNOCLAATEM ETTIW ED,7056
577,NV NOITAMOTUA TTOCS,7063
578,REALESEOR ITV,7272
579,OMT ER?IUQSEHG,7284
580,NV SIDLE,7293
581,BV TNEMPOLEVED DNARB NAIRTSEUQE,7299
582,BAVB LEDNAHSIV ENITRAM NE NIWRE,7303
583,BAVB GNIREENIGNE TRAMS,7395
584,RMOFM,7396
585,NV DNAMRUOG,7503
586,BAVB TEOVELLOH .W TROPSNART,7530
587,RLAS SULP AGEMO,7559
588,KXEOKEOK SREDEORBEG,7605
589,ENTTEKITE TNECCA,7618
590,NV TREAWUH-SNAMRETSOOLC,7652
591,BAVB EREDNABARB ED ELARTNECNOTEB,7702
592,BAVB ANARAM,7737
593,RLPS TEUQINOM,7749
594,NV SCINHCET LATEM,7806
595,BAVB ESYUHNEWUEIN,7819
596,NV LEHCIM-TS EIFFOK,8938
597,RLZVV NEETSKEOH ED,9876
598,NV MUIGLEB OCETAM,10414
599,NV SITNALE,10587
600,NV SLLIM EHCSSOD,14765
601,NV PEORG SNETNAS,13138
602,BAVC NELOMDNIW ED,13431
603,NV NETHCIV RET REOVREV,13729
604,BV NOOZ NE OONEE NAV,13735
605,ZEIBUT ED ENUMMOC,13816
606,IEREIN?GNI HCSIERG,306
607,NV TOLSIRT,336
608,NV GNITLUSNOC YSUA,916
609,RTEVNOK,1305
610,OSBLIG,1423
611,V..N SYHTTAM,1469
612,IADNALTSEW,2001
613,NV ITLUM,2336
614,NV EITCURTSNOCLAATEM EGASEL,2465
615,BAVB MUIGLEB VDVL,2535
616,ENNEM VN OOLLAG,3010
617,NV IATEIL,3071
618,UPORG RIASYL,3095
619,NV MUINEGNI,3153
620,NV GNIDLOH EELSEDTREAKEB,3312
621,ALTEMSEPAHS,3400
622,UMIGLEB RETNEC YGOLONHCET RAELHCOC,3542
623,V..N OTSIRGA,3698
624,NV TCI UEILUAEB,3884
625,SA SETEZ,4072
626,IXS,4180
627,BAVB EESEROF  - C4,4268
628,EMGEVEWZ ETNEEMEG,4325
629,RTOPMI TEJ,4523
630,SESITLAB,4586
631,NV/AS SETAICOSSA EIHTAC,4737
632,NV SATS,4762
633,BAVB ONIMEG CVA,4827
634,BAVB MUIGLEB SCINEGATEM,4887
635,NV GNITCARTNOC STA,4930
636,EMGEDEL RUUTSEBETNEEMEG,4991
637,PAILOJ,5307
638,BOIFAH,5368
639,NV STROPSNART .G NILEB,5561
640,NV NEVJIRDEBWUOB KIRBARUD,5567
641,BV ROOTNAKNEKAZ EBBORTS,5685
642,NV SCITSIGOL EDAMROLIAT,5712
643,ALNOITANRETNI WOTS,5790
644,ZWV EDOBREVA NAV NENJITREBRON RED JIDBA,5836
645,BV ERAC TSRIF ECNALUBMA,5847
646,IBV,5905
647,OFV PEM,6054
648,URUTCETIHCRA ATXUJ,6080
649,EXRTNAG,6133
650,BV EHCSSEIRD NAV,6135
651,ENGNIMENNAA TSLEHREV,6173
652,SCJ NIVED,6188
653,NV NETIETILAICEPSWUOB QCNARFED,6427
654, +ERIFLATEM,6456
655,BHMG PUORG AKBAC,6482
656,#NAME?,6515
657,BV OPX KJIRTROK,6516
658,BAVB REVOBYL,6674
659,NV LIO AVIP,6802
660,NV KCUORBESNOHNAV JIREWUORB LEETSAK,6903
661,NV TROPSNART SLOOC,6919
662,BAVB ESEIRVED,6984
663,BAVB ROOTNAKSTNATNUOCCA OC NE UOVLED,6990
664,A..S SKCOL-ORUE,7015
665,PEORUE PTH,7199
666,BAVB HCETARTNI,7208
667,BV SYEALC-ELLIVED LEDNAHTUOH,7221
668,ZWV OVG,7232
669,NV TROPPUS SSENISUB ODRA,7270
670,BAVB NENOZ & NIABRU SIOTNAG,7447
671,BAVB S'YDREG,7455
672,RLS MED-NAT,7495
673,BAVB TI EZINOMRAH,7520
674,SA YUG NOIREH,7524
675,NV OCOORNAV,7538
676,NV REDABSDATS,7620
677,UPORG SETRA,7627
678,BV CITSEJAM,7679
679,BAVB .R TREANNAM,7735
680,ASMOHT SEUGRO'D ERUTCAFUNAM,7736
681,BAVB NALPOB,7803
682,BAVC TUOZAMLAP,7826
683,SA SLESSURB TEYUOL,7914
684,IGWDUL UNEMEL,8993
685,NV EKCNILC,9563
686,ELIBOM NEPREWTNA JIPPAHCSTAAMSREEHEB,9635
687,ENREUHCSREV NEKREWKAD,10976
688,ZWV MUIGLEB ACASI,12602
689,BV HGADTSEM,12718
690,PEORUE XENAHTEM,12837
691,KEEBEZORTSOO ETNEEMEG,14772
692,KTCOTS RED NAV AMRIF,14807
693,ZWV EIZK'A,13129
694,ALNREG,13153
695,TACADES,13268
696,BAVC DEBIG,13270
697,OROTNAKDFOOH NENEM DLIUBUOY,13461
698,BV CIRM,13583
699,BAVC STNATNUOCCA OC & KCREH NAV,13737
700,BAVB SINAJ,14484
701,A..S III ETCA,14679
702,NV SELITXET AIDROCNOC,214
703,NV TBK,273
704,BAVB DI EGGEH,338
705,RYENIHCAM EMEASDNAH,540
706,NV SEIGOLONHCET SIXELEM,561
707,A..S SECIVRES CLA,603
708,BAVB NAMGNILIAM ED,717
709,V..N OCSEW,1011
710,BAVB GNIREENIGNENOISIV,1665
711,BAVB ITONARKEM,2308
712,NV NIARTORUE-SNOITCENNOC,2314
713,NV HSURB CDP,2485
714,EMGLEMMOW - VN GNIREENIGNE SSECORP AEG,2513
715,NV ALLEDNOG,2598
716,NV LANIMRET EGGURBEEZ PSC,2675
717,ZWV XUEIROLG NEKREW,2839
718,NV LEGOCID,2882
719,RSAGIC S?TROC .J,2940
720,NV METUOHSIURK GNITHCIRNI KLEM,3222
721,NV GNIREENIGNE LDC,3379
722,NV OEBEC,3446
723,NV NAPSENO,3462
724,URELF,3543
725,ROGEB,3595
726,V..N EIOODRA ODRA,3609
727,NV STNIAP SSOB,3741
728,V..N GNIDLOH OOLLAG,3784
729,EMGERAW OIGER MURTNECNEVJIRDEB,3885
730,YEETHGIRB,3926
731,NV OCNIBOS,4145
732,BV AMIL,4185
733,NV SREDEOVEIEL,4283
734,NV NAMTUOZ,4505
735,BAVB PUORGOTOM,4634
736,UMIGLEB EIPS,4836
737,A..S MUIGLEB SELAHT,5360
738,NV ROKINMO,5415
739,BAVB SAR,5423
740,NV TSEVNI ANALLITNAC,5438
741,ERYEM ED,5521
742,NSEKUEK YVOD,5524
743,NV SEIRTSUDNI NEOIS,5590
744,RSUESIVDA & STNATNUOCCA TAAB,5617
745,BAVB ECIFFO OORRAB,5671
746,BAVB WOLF,5693
747,BV SAAW@SSIFOCCA,5806
748,BV PUORG C&E,5889
749,SE EL?ICNANIF ED NAV EITAREDEF EHCSIGLEB,5898
750,BAVB MWS,5932
751,BAVB NOI,5943
752,BAVB XCNARV NEFFOTSDNARB,5950
753,BAVB SNEPMI,6031
754,NV AMIRETS,6083
755,NV LEBOLUC,6159
756,BAVB YNAPMOC BOCAJ,6206
757,BV OSNE-D,6215
758,NV ZENRAW,6285
759,NV FEDAS,6382
760,V..B NEZUENRET SOVE,6408
761,NV EIZOC,6610
762,"C.NI ,ACIREMA HTRON AKBAC",6668
763,NSOITULOS SAILI,6679
764,NV NEGEAHREV NELEBUEM,6767
765,NV NAMELLIG,6787
766,NV NEFFOTSDNARB NIUQSULP,6803
767,ZWV TNUPFERT - THCARKRUUTS,6810
768,ISSSGE,6828
769,BV ENEOC - REKCANAV,6854
770,NV SREYEMTUOH - XKCNINYURB,6917
771,NV DAARMER,6952
772,NV EUQIMIHCORPUC,7072
773,BAVB TROOP ED,7080
774,NV OZAREP SOV ED,7145
775,USRAK,7196
776,NV PIRF-ORUE,7212
777,NV NAVED,7220
778,BAVB NELUEM REDNAV,7283
779,TSNEMESSILBATE AGRE,7297
780,RLS XUAYM REGOR STE,7298
781,STONGOIB,7356
782,SA - V.N SSERPXEROGIRF,7382
783,NV SJIN SREDEORBEG,7449
784,A..S LANOITANRETNI TSERROF EPUORG,7463
785,A..S NITRAM NHOJ,7533
786,ERTAW ROF NIOJ,7534
787,RLPS DRARVE CRAM-NAEJ,7593
788,BAVB OCAMEK,7600
789,NV NESLEIHCIM,7601
790,BAVB .C STHCERBMAL,7663
791,NV IUGIVIM,7748
792,BAVC AGAL & ERTNOM,7750
793,BAVB ELLIUOP OMMI,8106
794,NV EDIWDLROW FFOHGREB,8436
795,NV ITS,9342
796,RLS YDDUB YDDUB,10745
797,LCL SVS YTILAERT,14830
798,UWEESSOR KIR,12080
799,UWOB NOCER,12773
800,NV LEVART ESAGEP,14796
801,A..S REILRAC - .E TYAF,13095
802,EMGLEVA ETNEEMEG,13147
803,MEMAD NAV,13178
804,BE.EIZOC,13220
805,BV NETACOVDA OILETROP,14779
806,BAVB  NEFFOTSDNARB SEAM KEIRTAP,13578
807,ZWV ASAR,13657
808,BV DNAH EDNEPLEH WU,14360
809,BV ENIRAK NAEJNOB,14553
810,NV EPORUE KRAPIREV,14910
811,JKIRTROK MURTNECNEVJIRDEB,5503
812,NV BAL SUESRA,3430
813,.SA 3S DVL,3043
814,ANMELLEV,3643
815,BAVB ATANU,1044
816,BAVC KAD WUEIN,14881
817,UXLENEB ESIAUQINITRAM AL,3240
818,BV DLOH MV,15025
819,ZWV EJTNEOPAK .G.K.C,14849
820,V..B MADRETSMA SOVE,15006
821,BV LEKNIWKEEHTOPYH,14940
822,BV GNITLUSNOC GNILCYCER CITSALP EVITAERC,14852
823,ZWV TNABARB SMAALV &NEPREWTNA ARTNYS,4899
824,ZWV LXPARTNYS,11169
825,NV OCRAMART,14906
826,ZWV ALOCS,9858
827,WKO KNIR,15128
828,NV KNAB KDV,15105
829,BAVC GNIDLOH SIROMIRP,4692
830,IEGRENE U&A,5856
831,KEEBLERAH DATS,5725
832,NDALERI ETAERC,14926
833,NV SEUQITNA & TRA TDROOVREV LEXA,14841
834,&SMD,2118
835,ZWV EDRAANEDUO SIUHNEKEIZ NEEMEGLA,1758
836,NV OCIDEMEB,14843
837,SA CENES,15061
838,NV TNEMTSEVNI ENOTSELGAE,15131
839,BAVB NENOZ & TOOLEMA REMO,14975
840,ZWV RUSINEB,15142
841,TDL KU ODRA,15311
842,NV XULENEB TINIM,2840
843,ZWV JIRVKOOR EITNAILLA,15292
844,ZWV GRUBMIL KVK - AKOV,6182
845,BPA-TSAFUNAM,12411
846,ZWV NEPMEK-NELEHCEM KVK - AKOV,13807
847,BV OONEE NAV EUQINIMOD,15335
848,GEGURB SACUL-TNIS ZA,15139
849,CSIROIB,15326
850,ALDEIEL ELANUMMOCRETNI,357
851,EMGEZI DATS,7482
852,UPORG AIRETSA,14839
853,OV GOMI,6942
854,UPORG ATLAB,1023
855,CENARF ASLOIPES,15352
856,V..N SKCURT FAD,8084
857,NV OCAH,4538
858,NV NRUTUF,15062
859,NV EITALITNEV EL?IRTSUDNI NOOHPYT,3191
860,BV SEILPPUS AHPLA,7260
861,NV TDYUP ED,15333
862,NV LEBARTCELE,127
863,NDALSAAW-NEPREWTNA LEDNAHPOOK KVK - AKOV,6179
864,NV XULEB AIREME,15492
865,BV SNOITULOS CITOBOR DVL,15037
866,TESENNAV SOJ,15328
867,EMGEDLAM ETNEEMEG,5287
868,IKREDEID NAMED,15533
869,BAVB NOITAERC ESD,15134
